use baseball_db;

-- safe mode off
SET SQL_SAFE_UPDATES = 0;

-- delete data
delete from player;
delete from game;
delete from team;

-- insert team

INSERT INTO team(id, name) VALUES (1, 'Arizona Diamondbacks');
INSERT INTO team(id, name) VALUES (2, 'Atlanta Braves');
INSERT INTO team(id, name) VALUES (3, 'Baltimore Orioles');
INSERT INTO team(id, name) VALUES (4, 'Boston Red Sox');
INSERT INTO team(id, name) VALUES (5, 'Chicago White Sox');
INSERT INTO team(id, name) VALUES (6, 'Chicago Cubs');
INSERT INTO team(id, name) VALUES (7, 'Cincinnati Reds');
INSERT INTO team(id, name) VALUES (8, 'Cleveland Indians');
INSERT INTO team(id, name) VALUES (9, 'Colorado Rockies');
INSERT INTO team(id, name) VALUES (10, 'Detroit Tigers');
INSERT INTO team(id, name) VALUES (11, 'Houston Astros');
INSERT INTO team(id, name) VALUES (12, 'Kansas City Royals');
INSERT INTO team(id, name) VALUES (13, 'Los Angeles Angels');
INSERT INTO team(id, name) VALUES (14, 'Los Angeles Dodgers');
INSERT INTO team(id, name) VALUES (15, 'Miami Marlins');
INSERT INTO team(id, name) VALUES (16, 'Milwaukee Brewers');
INSERT INTO team(id, name) VALUES (17, 'Minnesota Twins');
INSERT INTO team(id, name) VALUES (18, 'New York Yankees');
INSERT INTO team(id, name) VALUES (19, 'New York Mets');
INSERT INTO team(id, name) VALUES (20, 'Oakland Athletics');
INSERT INTO team(id, name) VALUES (21, 'Philadelphia Phillies');
INSERT INTO team(id, name) VALUES (22, 'Pittsburgh Pirates');
INSERT INTO team(id, name) VALUES (23, 'San Diego Padres');
INSERT INTO team(id, name) VALUES (24, 'San Francisco Giants');
INSERT INTO team(id, name) VALUES (25, 'Seattle Mariners');
INSERT INTO team(id, name) VALUES (26, 'St. Louis Cardinals');
INSERT INTO team(id, name) VALUES (27, 'Tampa Bay Rays');
INSERT INTO team(id, name) VALUES (28, 'Texas Rangers');
INSERT INTO team(id, name) VALUES (29, 'Toronto Blue Jays');
INSERT INTO team(id, name) VALUES (30, 'Washington Nationals');

-- insert player

INSERT INTO player(id, player_name, player_number, is_pitcher, team_id) VALUES (1, 'Arizona Diamondbacks player 1', 1, 0, 1);
INSERT INTO player(id, player_name, player_number, is_pitcher, team_id) VALUES (2, 'Arizona Diamondbacks player 2', 2, 0, 1);
INSERT INTO player(id, player_name, player_number, is_pitcher, team_id) VALUES (3, 'Arizona Diamondbacks player 3', 3, 0, 1);
INSERT INTO player(id, player_name, player_number, is_pitcher, team_id) VALUES (4, 'Arizona Diamondbacks player 4', 4, 0, 1);
INSERT INTO player(id, player_name, player_number, is_pitcher, team_id) VALUES (5, 'Arizona Diamondbacks player 5', 5, 0, 1);
INSERT INTO player(id, player_name, player_number, is_pitcher, team_id) VALUES (6, 'Arizona Diamondbacks player 6', 6, 0, 1);
INSERT INTO player(id, player_name, player_number, is_pitcher, team_id) VALUES (7, 'Arizona Diamondbacks player 7', 7, 0, 1);
INSERT INTO player(id, player_name, player_number, is_pitcher, team_id) VALUES (8, 'Arizona Diamondbacks player 8', 8, 0, 1);
INSERT INTO player(id, player_name, player_number, is_pitcher, team_id) VALUES (9, 'Arizona Diamondbacks player 9', 9, 1, 1);
INSERT INTO player(id, player_name, player_number, is_pitcher, team_id) VALUES (10, 'Atlanta Braves player 1', 1, 0, 2);
INSERT INTO player(id, player_name, player_number, is_pitcher, team_id) VALUES (11, 'Atlanta Braves player 2', 2, 0, 2);
INSERT INTO player(id, player_name, player_number, is_pitcher, team_id) VALUES (12, 'Atlanta Braves player 3', 3, 0, 2);
INSERT INTO player(id, player_name, player_number, is_pitcher, team_id) VALUES (13, 'Atlanta Braves player 4', 4, 0, 2);
INSERT INTO player(id, player_name, player_number, is_pitcher, team_id) VALUES (14, 'Atlanta Braves player 5', 5, 0, 2);
INSERT INTO player(id, player_name, player_number, is_pitcher, team_id) VALUES (15, 'Atlanta Braves player 6', 6, 0, 2);
INSERT INTO player(id, player_name, player_number, is_pitcher, team_id) VALUES (16, 'Atlanta Braves player 7', 7, 0, 2);
INSERT INTO player(id, player_name, player_number, is_pitcher, team_id) VALUES (17, 'Atlanta Braves player 8', 8, 0, 2);
INSERT INTO player(id, player_name, player_number, is_pitcher, team_id) VALUES (18, 'Atlanta Braves player 9', 9, 1, 2);
INSERT INTO player(id, player_name, player_number, is_pitcher, team_id) VALUES (19, 'Baltimore Orioles player 1', 1, 0, 3);
INSERT INTO player(id, player_name, player_number, is_pitcher, team_id) VALUES (20, 'Baltimore Orioles player 2', 2, 0, 3);
INSERT INTO player(id, player_name, player_number, is_pitcher, team_id) VALUES (21, 'Baltimore Orioles player 3', 3, 0, 3);
INSERT INTO player(id, player_name, player_number, is_pitcher, team_id) VALUES (22, 'Baltimore Orioles player 4', 4, 0, 3);
INSERT INTO player(id, player_name, player_number, is_pitcher, team_id) VALUES (23, 'Baltimore Orioles player 5', 5, 0, 3);
INSERT INTO player(id, player_name, player_number, is_pitcher, team_id) VALUES (24, 'Baltimore Orioles player 6', 6, 0, 3);
INSERT INTO player(id, player_name, player_number, is_pitcher, team_id) VALUES (25, 'Baltimore Orioles player 7', 7, 0, 3);
INSERT INTO player(id, player_name, player_number, is_pitcher, team_id) VALUES (26, 'Baltimore Orioles player 8', 8, 0, 3);
INSERT INTO player(id, player_name, player_number, is_pitcher, team_id) VALUES (27, 'Baltimore Orioles player 9', 9, 1, 3);
INSERT INTO player(id, player_name, player_number, is_pitcher, team_id) VALUES (28, 'Boston Red Sox player 1', 1, 0, 4);
INSERT INTO player(id, player_name, player_number, is_pitcher, team_id) VALUES (29, 'Boston Red Sox player 2', 2, 0, 4);
INSERT INTO player(id, player_name, player_number, is_pitcher, team_id) VALUES (30, 'Boston Red Sox player 3', 3, 0, 4);
INSERT INTO player(id, player_name, player_number, is_pitcher, team_id) VALUES (31, 'Boston Red Sox player 4', 4, 0, 4);
INSERT INTO player(id, player_name, player_number, is_pitcher, team_id) VALUES (32, 'Boston Red Sox player 5', 5, 0, 4);
INSERT INTO player(id, player_name, player_number, is_pitcher, team_id) VALUES (33, 'Boston Red Sox player 6', 6, 0, 4);
INSERT INTO player(id, player_name, player_number, is_pitcher, team_id) VALUES (34, 'Boston Red Sox player 7', 7, 0, 4);
INSERT INTO player(id, player_name, player_number, is_pitcher, team_id) VALUES (35, 'Boston Red Sox player 8', 8, 0, 4);
INSERT INTO player(id, player_name, player_number, is_pitcher, team_id) VALUES (36, 'Boston Red Sox player 9', 9, 1, 4);
INSERT INTO player(id, player_name, player_number, is_pitcher, team_id) VALUES (37, 'Chicago White Sox player 1', 1, 0, 5);
INSERT INTO player(id, player_name, player_number, is_pitcher, team_id) VALUES (38, 'Chicago White Sox player 2', 2, 0, 5);
INSERT INTO player(id, player_name, player_number, is_pitcher, team_id) VALUES (39, 'Chicago White Sox player 3', 3, 0, 5);
INSERT INTO player(id, player_name, player_number, is_pitcher, team_id) VALUES (40, 'Chicago White Sox player 4', 4, 0, 5);
INSERT INTO player(id, player_name, player_number, is_pitcher, team_id) VALUES (41, 'Chicago White Sox player 5', 5, 0, 5);
INSERT INTO player(id, player_name, player_number, is_pitcher, team_id) VALUES (42, 'Chicago White Sox player 6', 6, 0, 5);
INSERT INTO player(id, player_name, player_number, is_pitcher, team_id) VALUES (43, 'Chicago White Sox player 7', 7, 0, 5);
INSERT INTO player(id, player_name, player_number, is_pitcher, team_id) VALUES (44, 'Chicago White Sox player 8', 8, 0, 5);
INSERT INTO player(id, player_name, player_number, is_pitcher, team_id) VALUES (45, 'Chicago White Sox player 9', 9, 1, 5);
INSERT INTO player(id, player_name, player_number, is_pitcher, team_id) VALUES (46, 'Chicago Cubs player 1', 1, 0, 6);
INSERT INTO player(id, player_name, player_number, is_pitcher, team_id) VALUES (47, 'Chicago Cubs player 2', 2, 0, 6);
INSERT INTO player(id, player_name, player_number, is_pitcher, team_id) VALUES (48, 'Chicago Cubs player 3', 3, 0, 6);
INSERT INTO player(id, player_name, player_number, is_pitcher, team_id) VALUES (49, 'Chicago Cubs player 4', 4, 0, 6);
INSERT INTO player(id, player_name, player_number, is_pitcher, team_id) VALUES (50, 'Chicago Cubs player 5', 5, 0, 6);
INSERT INTO player(id, player_name, player_number, is_pitcher, team_id) VALUES (51, 'Chicago Cubs player 6', 6, 0, 6);
INSERT INTO player(id, player_name, player_number, is_pitcher, team_id) VALUES (52, 'Chicago Cubs player 7', 7, 0, 6);
INSERT INTO player(id, player_name, player_number, is_pitcher, team_id) VALUES (53, 'Chicago Cubs player 8', 8, 0, 6);
INSERT INTO player(id, player_name, player_number, is_pitcher, team_id) VALUES (54, 'Chicago Cubs player 9', 9, 1, 6);
INSERT INTO player(id, player_name, player_number, is_pitcher, team_id) VALUES (55, 'Cincinnati Reds player 1', 1, 0, 7);
INSERT INTO player(id, player_name, player_number, is_pitcher, team_id) VALUES (56, 'Cincinnati Reds player 2', 2, 0, 7);
INSERT INTO player(id, player_name, player_number, is_pitcher, team_id) VALUES (57, 'Cincinnati Reds player 3', 3, 0, 7);
INSERT INTO player(id, player_name, player_number, is_pitcher, team_id) VALUES (58, 'Cincinnati Reds player 4', 4, 0, 7);
INSERT INTO player(id, player_name, player_number, is_pitcher, team_id) VALUES (59, 'Cincinnati Reds player 5', 5, 0, 7);
INSERT INTO player(id, player_name, player_number, is_pitcher, team_id) VALUES (60, 'Cincinnati Reds player 6', 6, 0, 7);
INSERT INTO player(id, player_name, player_number, is_pitcher, team_id) VALUES (61, 'Cincinnati Reds player 7', 7, 0, 7);
INSERT INTO player(id, player_name, player_number, is_pitcher, team_id) VALUES (62, 'Cincinnati Reds player 8', 8, 0, 7);
INSERT INTO player(id, player_name, player_number, is_pitcher, team_id) VALUES (63, 'Cincinnati Reds player 9', 9, 1, 7);
INSERT INTO player(id, player_name, player_number, is_pitcher, team_id) VALUES (64, 'Cleveland Indians player 1', 1, 0, 8);
INSERT INTO player(id, player_name, player_number, is_pitcher, team_id) VALUES (65, 'Cleveland Indians player 2', 2, 0, 8);
INSERT INTO player(id, player_name, player_number, is_pitcher, team_id) VALUES (66, 'Cleveland Indians player 3', 3, 0, 8);
INSERT INTO player(id, player_name, player_number, is_pitcher, team_id) VALUES (67, 'Cleveland Indians player 4', 4, 0, 8);
INSERT INTO player(id, player_name, player_number, is_pitcher, team_id) VALUES (68, 'Cleveland Indians player 5', 5, 0, 8);
INSERT INTO player(id, player_name, player_number, is_pitcher, team_id) VALUES (69, 'Cleveland Indians player 6', 6, 0, 8);
INSERT INTO player(id, player_name, player_number, is_pitcher, team_id) VALUES (70, 'Cleveland Indians player 7', 7, 0, 8);
INSERT INTO player(id, player_name, player_number, is_pitcher, team_id) VALUES (71, 'Cleveland Indians player 8', 8, 0, 8);
INSERT INTO player(id, player_name, player_number, is_pitcher, team_id) VALUES (72, 'Cleveland Indians player 9', 9, 1, 8);
INSERT INTO player(id, player_name, player_number, is_pitcher, team_id) VALUES (73, 'Colorado Rockies player 1', 1, 0, 9);
INSERT INTO player(id, player_name, player_number, is_pitcher, team_id) VALUES (74, 'Colorado Rockies player 2', 2, 0, 9);
INSERT INTO player(id, player_name, player_number, is_pitcher, team_id) VALUES (75, 'Colorado Rockies player 3', 3, 0, 9);
INSERT INTO player(id, player_name, player_number, is_pitcher, team_id) VALUES (76, 'Colorado Rockies player 4', 4, 0, 9);
INSERT INTO player(id, player_name, player_number, is_pitcher, team_id) VALUES (77, 'Colorado Rockies player 5', 5, 0, 9);
INSERT INTO player(id, player_name, player_number, is_pitcher, team_id) VALUES (78, 'Colorado Rockies player 6', 6, 0, 9);
INSERT INTO player(id, player_name, player_number, is_pitcher, team_id) VALUES (79, 'Colorado Rockies player 7', 7, 0, 9);
INSERT INTO player(id, player_name, player_number, is_pitcher, team_id) VALUES (80, 'Colorado Rockies player 8', 8, 0, 9);
INSERT INTO player(id, player_name, player_number, is_pitcher, team_id) VALUES (81, 'Colorado Rockies player 9', 9, 1, 9);
INSERT INTO player(id, player_name, player_number, is_pitcher, team_id) VALUES (82, 'Detroit Tigers player 1', 1, 0, 10);
INSERT INTO player(id, player_name, player_number, is_pitcher, team_id) VALUES (83, 'Detroit Tigers player 2', 2, 0, 10);
INSERT INTO player(id, player_name, player_number, is_pitcher, team_id) VALUES (84, 'Detroit Tigers player 3', 3, 0, 10);
INSERT INTO player(id, player_name, player_number, is_pitcher, team_id) VALUES (85, 'Detroit Tigers player 4', 4, 0, 10);
INSERT INTO player(id, player_name, player_number, is_pitcher, team_id) VALUES (86, 'Detroit Tigers player 5', 5, 0, 10);
INSERT INTO player(id, player_name, player_number, is_pitcher, team_id) VALUES (87, 'Detroit Tigers player 6', 6, 0, 10);
INSERT INTO player(id, player_name, player_number, is_pitcher, team_id) VALUES (88, 'Detroit Tigers player 7', 7, 0, 10);
INSERT INTO player(id, player_name, player_number, is_pitcher, team_id) VALUES (89, 'Detroit Tigers player 8', 8, 0, 10);
INSERT INTO player(id, player_name, player_number, is_pitcher, team_id) VALUES (90, 'Detroit Tigers player 9', 9, 1, 10);
INSERT INTO player(id, player_name, player_number, is_pitcher, team_id) VALUES (91, 'Houston Astros player 1', 1, 0, 11);
INSERT INTO player(id, player_name, player_number, is_pitcher, team_id) VALUES (92, 'Houston Astros player 2', 2, 0, 11);
INSERT INTO player(id, player_name, player_number, is_pitcher, team_id) VALUES (93, 'Houston Astros player 3', 3, 0, 11);
INSERT INTO player(id, player_name, player_number, is_pitcher, team_id) VALUES (94, 'Houston Astros player 4', 4, 0, 11);
INSERT INTO player(id, player_name, player_number, is_pitcher, team_id) VALUES (95, 'Houston Astros player 5', 5, 0, 11);
INSERT INTO player(id, player_name, player_number, is_pitcher, team_id) VALUES (96, 'Houston Astros player 6', 6, 0, 11);
INSERT INTO player(id, player_name, player_number, is_pitcher, team_id) VALUES (97, 'Houston Astros player 7', 7, 0, 11);
INSERT INTO player(id, player_name, player_number, is_pitcher, team_id) VALUES (98, 'Houston Astros player 8', 8, 0, 11);
INSERT INTO player(id, player_name, player_number, is_pitcher, team_id) VALUES (99, 'Houston Astros player 9', 9, 1, 11);
INSERT INTO player(id, player_name, player_number, is_pitcher, team_id) VALUES (100, 'Kansas City Royals player 1', 1, 0, 12);
INSERT INTO player(id, player_name, player_number, is_pitcher, team_id) VALUES (101, 'Kansas City Royals player 2', 2, 0, 12);
INSERT INTO player(id, player_name, player_number, is_pitcher, team_id) VALUES (102, 'Kansas City Royals player 3', 3, 0, 12);
INSERT INTO player(id, player_name, player_number, is_pitcher, team_id) VALUES (103, 'Kansas City Royals player 4', 4, 0, 12);
INSERT INTO player(id, player_name, player_number, is_pitcher, team_id) VALUES (104, 'Kansas City Royals player 5', 5, 0, 12);
INSERT INTO player(id, player_name, player_number, is_pitcher, team_id) VALUES (105, 'Kansas City Royals player 6', 6, 0, 12);
INSERT INTO player(id, player_name, player_number, is_pitcher, team_id) VALUES (106, 'Kansas City Royals player 7', 7, 0, 12);
INSERT INTO player(id, player_name, player_number, is_pitcher, team_id) VALUES (107, 'Kansas City Royals player 8', 8, 0, 12);
INSERT INTO player(id, player_name, player_number, is_pitcher, team_id) VALUES (108, 'Kansas City Royals player 9', 9, 1, 12);
INSERT INTO player(id, player_name, player_number, is_pitcher, team_id) VALUES (109, 'Los Angeles Angels player 1', 1, 0, 13);
INSERT INTO player(id, player_name, player_number, is_pitcher, team_id) VALUES (110, 'Los Angeles Angels player 2', 2, 0, 13);
INSERT INTO player(id, player_name, player_number, is_pitcher, team_id) VALUES (111, 'Los Angeles Angels player 3', 3, 0, 13);
INSERT INTO player(id, player_name, player_number, is_pitcher, team_id) VALUES (112, 'Los Angeles Angels player 4', 4, 0, 13);
INSERT INTO player(id, player_name, player_number, is_pitcher, team_id) VALUES (113, 'Los Angeles Angels player 5', 5, 0, 13);
INSERT INTO player(id, player_name, player_number, is_pitcher, team_id) VALUES (114, 'Los Angeles Angels player 6', 6, 0, 13);
INSERT INTO player(id, player_name, player_number, is_pitcher, team_id) VALUES (115, 'Los Angeles Angels player 7', 7, 0, 13);
INSERT INTO player(id, player_name, player_number, is_pitcher, team_id) VALUES (116, 'Los Angeles Angels player 8', 8, 0, 13);
INSERT INTO player(id, player_name, player_number, is_pitcher, team_id) VALUES (117, 'Los Angeles Angels player 9', 9, 1, 13);
INSERT INTO player(id, player_name, player_number, is_pitcher, team_id) VALUES (118, 'Los Angeles Dodgers player 1', 1, 0, 14);
INSERT INTO player(id, player_name, player_number, is_pitcher, team_id) VALUES (119, 'Los Angeles Dodgers player 2', 2, 0, 14);
INSERT INTO player(id, player_name, player_number, is_pitcher, team_id) VALUES (120, 'Los Angeles Dodgers player 3', 3, 0, 14);
INSERT INTO player(id, player_name, player_number, is_pitcher, team_id) VALUES (121, 'Los Angeles Dodgers player 4', 4, 0, 14);
INSERT INTO player(id, player_name, player_number, is_pitcher, team_id) VALUES (122, 'Los Angeles Dodgers player 5', 5, 0, 14);
INSERT INTO player(id, player_name, player_number, is_pitcher, team_id) VALUES (123, 'Los Angeles Dodgers player 6', 6, 0, 14);
INSERT INTO player(id, player_name, player_number, is_pitcher, team_id) VALUES (124, 'Los Angeles Dodgers player 7', 7, 0, 14);
INSERT INTO player(id, player_name, player_number, is_pitcher, team_id) VALUES (125, 'Los Angeles Dodgers player 8', 8, 0, 14);
INSERT INTO player(id, player_name, player_number, is_pitcher, team_id) VALUES (126, 'Los Angeles Dodgers player 9', 9, 1, 14);
INSERT INTO player(id, player_name, player_number, is_pitcher, team_id) VALUES (127, 'Miami Marlins player 1', 1, 0, 15);
INSERT INTO player(id, player_name, player_number, is_pitcher, team_id) VALUES (128, 'Miami Marlins player 2', 2, 0, 15);
INSERT INTO player(id, player_name, player_number, is_pitcher, team_id) VALUES (129, 'Miami Marlins player 3', 3, 0, 15);
INSERT INTO player(id, player_name, player_number, is_pitcher, team_id) VALUES (130, 'Miami Marlins player 4', 4, 0, 15);
INSERT INTO player(id, player_name, player_number, is_pitcher, team_id) VALUES (131, 'Miami Marlins player 5', 5, 0, 15);
INSERT INTO player(id, player_name, player_number, is_pitcher, team_id) VALUES (132, 'Miami Marlins player 6', 6, 0, 15);
INSERT INTO player(id, player_name, player_number, is_pitcher, team_id) VALUES (133, 'Miami Marlins player 7', 7, 0, 15);
INSERT INTO player(id, player_name, player_number, is_pitcher, team_id) VALUES (134, 'Miami Marlins player 8', 8, 0, 15);
INSERT INTO player(id, player_name, player_number, is_pitcher, team_id) VALUES (135, 'Miami Marlins player 9', 9, 1, 15);
INSERT INTO player(id, player_name, player_number, is_pitcher, team_id) VALUES (136, 'Milwaukee Brewers player 1', 1, 0, 16);
INSERT INTO player(id, player_name, player_number, is_pitcher, team_id) VALUES (137, 'Milwaukee Brewers player 2', 2, 0, 16);
INSERT INTO player(id, player_name, player_number, is_pitcher, team_id) VALUES (138, 'Milwaukee Brewers player 3', 3, 0, 16);
INSERT INTO player(id, player_name, player_number, is_pitcher, team_id) VALUES (139, 'Milwaukee Brewers player 4', 4, 0, 16);
INSERT INTO player(id, player_name, player_number, is_pitcher, team_id) VALUES (140, 'Milwaukee Brewers player 5', 5, 0, 16);
INSERT INTO player(id, player_name, player_number, is_pitcher, team_id) VALUES (141, 'Milwaukee Brewers player 6', 6, 0, 16);
INSERT INTO player(id, player_name, player_number, is_pitcher, team_id) VALUES (142, 'Milwaukee Brewers player 7', 7, 0, 16);
INSERT INTO player(id, player_name, player_number, is_pitcher, team_id) VALUES (143, 'Milwaukee Brewers player 8', 8, 0, 16);
INSERT INTO player(id, player_name, player_number, is_pitcher, team_id) VALUES (144, 'Milwaukee Brewers player 9', 9, 1, 16);
INSERT INTO player(id, player_name, player_number, is_pitcher, team_id) VALUES (145, 'Minnesota Twins player 1', 1, 0, 17);
INSERT INTO player(id, player_name, player_number, is_pitcher, team_id) VALUES (146, 'Minnesota Twins player 2', 2, 0, 17);
INSERT INTO player(id, player_name, player_number, is_pitcher, team_id) VALUES (147, 'Minnesota Twins player 3', 3, 0, 17);
INSERT INTO player(id, player_name, player_number, is_pitcher, team_id) VALUES (148, 'Minnesota Twins player 4', 4, 0, 17);
INSERT INTO player(id, player_name, player_number, is_pitcher, team_id) VALUES (149, 'Minnesota Twins player 5', 5, 0, 17);
INSERT INTO player(id, player_name, player_number, is_pitcher, team_id) VALUES (150, 'Minnesota Twins player 6', 6, 0, 17);
INSERT INTO player(id, player_name, player_number, is_pitcher, team_id) VALUES (151, 'Minnesota Twins player 7', 7, 0, 17);
INSERT INTO player(id, player_name, player_number, is_pitcher, team_id) VALUES (152, 'Minnesota Twins player 8', 8, 0, 17);
INSERT INTO player(id, player_name, player_number, is_pitcher, team_id) VALUES (153, 'Minnesota Twins player 9', 9, 1, 17);
INSERT INTO player(id, player_name, player_number, is_pitcher, team_id) VALUES (154, 'New York Yankees player 1', 1, 0, 18);
INSERT INTO player(id, player_name, player_number, is_pitcher, team_id) VALUES (155, 'New York Yankees player 2', 2, 0, 18);
INSERT INTO player(id, player_name, player_number, is_pitcher, team_id) VALUES (156, 'New York Yankees player 3', 3, 0, 18);
INSERT INTO player(id, player_name, player_number, is_pitcher, team_id) VALUES (157, 'New York Yankees player 4', 4, 0, 18);
INSERT INTO player(id, player_name, player_number, is_pitcher, team_id) VALUES (158, 'New York Yankees player 5', 5, 0, 18);
INSERT INTO player(id, player_name, player_number, is_pitcher, team_id) VALUES (159, 'New York Yankees player 6', 6, 0, 18);
INSERT INTO player(id, player_name, player_number, is_pitcher, team_id) VALUES (160, 'New York Yankees player 7', 7, 0, 18);
INSERT INTO player(id, player_name, player_number, is_pitcher, team_id) VALUES (161, 'New York Yankees player 8', 8, 0, 18);
INSERT INTO player(id, player_name, player_number, is_pitcher, team_id) VALUES (162, 'New York Yankees player 9', 9, 1, 18);
INSERT INTO player(id, player_name, player_number, is_pitcher, team_id) VALUES (163, 'New York Mets player 1', 1, 0, 19);
INSERT INTO player(id, player_name, player_number, is_pitcher, team_id) VALUES (164, 'New York Mets player 2', 2, 0, 19);
INSERT INTO player(id, player_name, player_number, is_pitcher, team_id) VALUES (165, 'New York Mets player 3', 3, 0, 19);
INSERT INTO player(id, player_name, player_number, is_pitcher, team_id) VALUES (166, 'New York Mets player 4', 4, 0, 19);
INSERT INTO player(id, player_name, player_number, is_pitcher, team_id) VALUES (167, 'New York Mets player 5', 5, 0, 19);
INSERT INTO player(id, player_name, player_number, is_pitcher, team_id) VALUES (168, 'New York Mets player 6', 6, 0, 19);
INSERT INTO player(id, player_name, player_number, is_pitcher, team_id) VALUES (169, 'New York Mets player 7', 7, 0, 19);
INSERT INTO player(id, player_name, player_number, is_pitcher, team_id) VALUES (170, 'New York Mets player 8', 8, 0, 19);
INSERT INTO player(id, player_name, player_number, is_pitcher, team_id) VALUES (171, 'New York Mets player 9', 9, 1, 19);
INSERT INTO player(id, player_name, player_number, is_pitcher, team_id) VALUES (172, 'Oakland Athletics player 1', 1, 0, 20);
INSERT INTO player(id, player_name, player_number, is_pitcher, team_id) VALUES (173, 'Oakland Athletics player 2', 2, 0, 20);
INSERT INTO player(id, player_name, player_number, is_pitcher, team_id) VALUES (174, 'Oakland Athletics player 3', 3, 0, 20);
INSERT INTO player(id, player_name, player_number, is_pitcher, team_id) VALUES (175, 'Oakland Athletics player 4', 4, 0, 20);
INSERT INTO player(id, player_name, player_number, is_pitcher, team_id) VALUES (176, 'Oakland Athletics player 5', 5, 0, 20);
INSERT INTO player(id, player_name, player_number, is_pitcher, team_id) VALUES (177, 'Oakland Athletics player 6', 6, 0, 20);
INSERT INTO player(id, player_name, player_number, is_pitcher, team_id) VALUES (178, 'Oakland Athletics player 7', 7, 0, 20);
INSERT INTO player(id, player_name, player_number, is_pitcher, team_id) VALUES (179, 'Oakland Athletics player 8', 8, 0, 20);
INSERT INTO player(id, player_name, player_number, is_pitcher, team_id) VALUES (180, 'Oakland Athletics player 9', 9, 1, 20);
INSERT INTO player(id, player_name, player_number, is_pitcher, team_id) VALUES (181, 'Philadelphia Phillies player 1', 1, 0, 21);
INSERT INTO player(id, player_name, player_number, is_pitcher, team_id) VALUES (182, 'Philadelphia Phillies player 2', 2, 0, 21);
INSERT INTO player(id, player_name, player_number, is_pitcher, team_id) VALUES (183, 'Philadelphia Phillies player 3', 3, 0, 21);
INSERT INTO player(id, player_name, player_number, is_pitcher, team_id) VALUES (184, 'Philadelphia Phillies player 4', 4, 0, 21);
INSERT INTO player(id, player_name, player_number, is_pitcher, team_id) VALUES (185, 'Philadelphia Phillies player 5', 5, 0, 21);
INSERT INTO player(id, player_name, player_number, is_pitcher, team_id) VALUES (186, 'Philadelphia Phillies player 6', 6, 0, 21);
INSERT INTO player(id, player_name, player_number, is_pitcher, team_id) VALUES (187, 'Philadelphia Phillies player 7', 7, 0, 21);
INSERT INTO player(id, player_name, player_number, is_pitcher, team_id) VALUES (188, 'Philadelphia Phillies player 8', 8, 0, 21);
INSERT INTO player(id, player_name, player_number, is_pitcher, team_id) VALUES (189, 'Philadelphia Phillies player 9', 9, 1, 21);
INSERT INTO player(id, player_name, player_number, is_pitcher, team_id) VALUES (190, 'Pittsburgh Pirates player 1', 1, 0, 22);
INSERT INTO player(id, player_name, player_number, is_pitcher, team_id) VALUES (191, 'Pittsburgh Pirates player 2', 2, 0, 22);
INSERT INTO player(id, player_name, player_number, is_pitcher, team_id) VALUES (192, 'Pittsburgh Pirates player 3', 3, 0, 22);
INSERT INTO player(id, player_name, player_number, is_pitcher, team_id) VALUES (193, 'Pittsburgh Pirates player 4', 4, 0, 22);
INSERT INTO player(id, player_name, player_number, is_pitcher, team_id) VALUES (194, 'Pittsburgh Pirates player 5', 5, 0, 22);
INSERT INTO player(id, player_name, player_number, is_pitcher, team_id) VALUES (195, 'Pittsburgh Pirates player 6', 6, 0, 22);
INSERT INTO player(id, player_name, player_number, is_pitcher, team_id) VALUES (196, 'Pittsburgh Pirates player 7', 7, 0, 22);
INSERT INTO player(id, player_name, player_number, is_pitcher, team_id) VALUES (197, 'Pittsburgh Pirates player 8', 8, 0, 22);
INSERT INTO player(id, player_name, player_number, is_pitcher, team_id) VALUES (198, 'Pittsburgh Pirates player 9', 9, 1, 22);
INSERT INTO player(id, player_name, player_number, is_pitcher, team_id) VALUES (199, 'San Diego Padres player 1', 1, 0, 23);
INSERT INTO player(id, player_name, player_number, is_pitcher, team_id) VALUES (200, 'San Diego Padres player 2', 2, 0, 23);
INSERT INTO player(id, player_name, player_number, is_pitcher, team_id) VALUES (201, 'San Diego Padres player 3', 3, 0, 23);
INSERT INTO player(id, player_name, player_number, is_pitcher, team_id) VALUES (202, 'San Diego Padres player 4', 4, 0, 23);
INSERT INTO player(id, player_name, player_number, is_pitcher, team_id) VALUES (203, 'San Diego Padres player 5', 5, 0, 23);
INSERT INTO player(id, player_name, player_number, is_pitcher, team_id) VALUES (204, 'San Diego Padres player 6', 6, 0, 23);
INSERT INTO player(id, player_name, player_number, is_pitcher, team_id) VALUES (205, 'San Diego Padres player 7', 7, 0, 23);
INSERT INTO player(id, player_name, player_number, is_pitcher, team_id) VALUES (206, 'San Diego Padres player 8', 8, 0, 23);
INSERT INTO player(id, player_name, player_number, is_pitcher, team_id) VALUES (207, 'San Diego Padres player 9', 9, 1, 23);
INSERT INTO player(id, player_name, player_number, is_pitcher, team_id) VALUES (208, 'San Francisco Giants player 1', 1, 0, 24);
INSERT INTO player(id, player_name, player_number, is_pitcher, team_id) VALUES (209, 'San Francisco Giants player 2', 2, 0, 24);
INSERT INTO player(id, player_name, player_number, is_pitcher, team_id) VALUES (210, 'San Francisco Giants player 3', 3, 0, 24);
INSERT INTO player(id, player_name, player_number, is_pitcher, team_id) VALUES (211, 'San Francisco Giants player 4', 4, 0, 24);
INSERT INTO player(id, player_name, player_number, is_pitcher, team_id) VALUES (212, 'San Francisco Giants player 5', 5, 0, 24);
INSERT INTO player(id, player_name, player_number, is_pitcher, team_id) VALUES (213, 'San Francisco Giants player 6', 6, 0, 24);
INSERT INTO player(id, player_name, player_number, is_pitcher, team_id) VALUES (214, 'San Francisco Giants player 7', 7, 0, 24);
INSERT INTO player(id, player_name, player_number, is_pitcher, team_id) VALUES (215, 'San Francisco Giants player 8', 8, 0, 24);
INSERT INTO player(id, player_name, player_number, is_pitcher, team_id) VALUES (216, 'San Francisco Giants player 9', 9, 1, 24);
INSERT INTO player(id, player_name, player_number, is_pitcher, team_id) VALUES (217, 'Seattle Mariners player 1', 1, 0, 25);
INSERT INTO player(id, player_name, player_number, is_pitcher, team_id) VALUES (218, 'Seattle Mariners player 2', 2, 0, 25);
INSERT INTO player(id, player_name, player_number, is_pitcher, team_id) VALUES (219, 'Seattle Mariners player 3', 3, 0, 25);
INSERT INTO player(id, player_name, player_number, is_pitcher, team_id) VALUES (220, 'Seattle Mariners player 4', 4, 0, 25);
INSERT INTO player(id, player_name, player_number, is_pitcher, team_id) VALUES (221, 'Seattle Mariners player 5', 5, 0, 25);
INSERT INTO player(id, player_name, player_number, is_pitcher, team_id) VALUES (222, 'Seattle Mariners player 6', 6, 0, 25);
INSERT INTO player(id, player_name, player_number, is_pitcher, team_id) VALUES (223, 'Seattle Mariners player 7', 7, 0, 25);
INSERT INTO player(id, player_name, player_number, is_pitcher, team_id) VALUES (224, 'Seattle Mariners player 8', 8, 0, 25);
INSERT INTO player(id, player_name, player_number, is_pitcher, team_id) VALUES (225, 'Seattle Mariners player 9', 9, 1, 25);
INSERT INTO player(id, player_name, player_number, is_pitcher, team_id) VALUES (226, 'St. Louis Cardinals player 1', 1, 0, 26);
INSERT INTO player(id, player_name, player_number, is_pitcher, team_id) VALUES (227, 'St. Louis Cardinals player 2', 2, 0, 26);
INSERT INTO player(id, player_name, player_number, is_pitcher, team_id) VALUES (228, 'St. Louis Cardinals player 3', 3, 0, 26);
INSERT INTO player(id, player_name, player_number, is_pitcher, team_id) VALUES (229, 'St. Louis Cardinals player 4', 4, 0, 26);
INSERT INTO player(id, player_name, player_number, is_pitcher, team_id) VALUES (230, 'St. Louis Cardinals player 5', 5, 0, 26);
INSERT INTO player(id, player_name, player_number, is_pitcher, team_id) VALUES (231, 'St. Louis Cardinals player 6', 6, 0, 26);
INSERT INTO player(id, player_name, player_number, is_pitcher, team_id) VALUES (232, 'St. Louis Cardinals player 7', 7, 0, 26);
INSERT INTO player(id, player_name, player_number, is_pitcher, team_id) VALUES (233, 'St. Louis Cardinals player 8', 8, 0, 26);
INSERT INTO player(id, player_name, player_number, is_pitcher, team_id) VALUES (234, 'St. Louis Cardinals player 9', 9, 1, 26);
INSERT INTO player(id, player_name, player_number, is_pitcher, team_id) VALUES (235, 'Tampa Bay Rays player 1', 1, 0, 27);
INSERT INTO player(id, player_name, player_number, is_pitcher, team_id) VALUES (236, 'Tampa Bay Rays player 2', 2, 0, 27);
INSERT INTO player(id, player_name, player_number, is_pitcher, team_id) VALUES (237, 'Tampa Bay Rays player 3', 3, 0, 27);
INSERT INTO player(id, player_name, player_number, is_pitcher, team_id) VALUES (238, 'Tampa Bay Rays player 4', 4, 0, 27);
INSERT INTO player(id, player_name, player_number, is_pitcher, team_id) VALUES (239, 'Tampa Bay Rays player 5', 5, 0, 27);
INSERT INTO player(id, player_name, player_number, is_pitcher, team_id) VALUES (240, 'Tampa Bay Rays player 6', 6, 0, 27);
INSERT INTO player(id, player_name, player_number, is_pitcher, team_id) VALUES (241, 'Tampa Bay Rays player 7', 7, 0, 27);
INSERT INTO player(id, player_name, player_number, is_pitcher, team_id) VALUES (242, 'Tampa Bay Rays player 8', 8, 0, 27);
INSERT INTO player(id, player_name, player_number, is_pitcher, team_id) VALUES (243, 'Tampa Bay Rays player 9', 9, 1, 27);
INSERT INTO player(id, player_name, player_number, is_pitcher, team_id) VALUES (244, 'Texas Rangers player 1', 1, 0, 28);
INSERT INTO player(id, player_name, player_number, is_pitcher, team_id) VALUES (245, 'Texas Rangers player 2', 2, 0, 28);
INSERT INTO player(id, player_name, player_number, is_pitcher, team_id) VALUES (246, 'Texas Rangers player 3', 3, 0, 28);
INSERT INTO player(id, player_name, player_number, is_pitcher, team_id) VALUES (247, 'Texas Rangers player 4', 4, 0, 28);
INSERT INTO player(id, player_name, player_number, is_pitcher, team_id) VALUES (248, 'Texas Rangers player 5', 5, 0, 28);
INSERT INTO player(id, player_name, player_number, is_pitcher, team_id) VALUES (249, 'Texas Rangers player 6', 6, 0, 28);
INSERT INTO player(id, player_name, player_number, is_pitcher, team_id) VALUES (250, 'Texas Rangers player 7', 7, 0, 28);
INSERT INTO player(id, player_name, player_number, is_pitcher, team_id) VALUES (251, 'Texas Rangers player 8', 8, 0, 28);
INSERT INTO player(id, player_name, player_number, is_pitcher, team_id) VALUES (252, 'Texas Rangers player 9', 9, 1, 28);
INSERT INTO player(id, player_name, player_number, is_pitcher, team_id) VALUES (253, 'Toronto Blue Jays player 1', 1, 0, 29);
INSERT INTO player(id, player_name, player_number, is_pitcher, team_id) VALUES (254, 'Toronto Blue Jays player 2', 2, 0, 29);
INSERT INTO player(id, player_name, player_number, is_pitcher, team_id) VALUES (255, 'Toronto Blue Jays player 3', 3, 0, 29);
INSERT INTO player(id, player_name, player_number, is_pitcher, team_id) VALUES (256, 'Toronto Blue Jays player 4', 4, 0, 29);
INSERT INTO player(id, player_name, player_number, is_pitcher, team_id) VALUES (257, 'Toronto Blue Jays player 5', 5, 0, 29);
INSERT INTO player(id, player_name, player_number, is_pitcher, team_id) VALUES (258, 'Toronto Blue Jays player 6', 6, 0, 29);
INSERT INTO player(id, player_name, player_number, is_pitcher, team_id) VALUES (259, 'Toronto Blue Jays player 7', 7, 0, 29);
INSERT INTO player(id, player_name, player_number, is_pitcher, team_id) VALUES (260, 'Toronto Blue Jays player 8', 8, 0, 29);
INSERT INTO player(id, player_name, player_number, is_pitcher, team_id) VALUES (261, 'Toronto Blue Jays player 9', 9, 1, 29);
INSERT INTO player(id, player_name, player_number, is_pitcher, team_id) VALUES (262, 'Washington Nationals player 1', 1, 0, 30);
INSERT INTO player(id, player_name, player_number, is_pitcher, team_id) VALUES (263, 'Washington Nationals player 2', 2, 0, 30);
INSERT INTO player(id, player_name, player_number, is_pitcher, team_id) VALUES (264, 'Washington Nationals player 3', 3, 0, 30);
INSERT INTO player(id, player_name, player_number, is_pitcher, team_id) VALUES (265, 'Washington Nationals player 4', 4, 0, 30);
INSERT INTO player(id, player_name, player_number, is_pitcher, team_id) VALUES (266, 'Washington Nationals player 5', 5, 0, 30);
INSERT INTO player(id, player_name, player_number, is_pitcher, team_id) VALUES (267, 'Washington Nationals player 6', 6, 0, 30);
INSERT INTO player(id, player_name, player_number, is_pitcher, team_id) VALUES (268, 'Washington Nationals player 7', 7, 0, 30);
INSERT INTO player(id, player_name, player_number, is_pitcher, team_id) VALUES (269, 'Washington Nationals player 8', 8, 0, 30);
INSERT INTO player(id, player_name, player_number, is_pitcher, team_id) VALUES (270, 'Washington Nationals player 9', 9, 1, 30);


-- insert game
INSERT INTO game(id, home_id, away_id) VALUES (1, 13, 20);
INSERT INTO game(id, home_id, away_id) VALUES (2, 16, 22);
INSERT INTO game(id, home_id, away_id) VALUES (3, 28, 8);
INSERT INTO game(id, home_id, away_id) VALUES (4, 4, 6);
INSERT INTO game(id, home_id, away_id) VALUES (5, 24, 10);
INSERT INTO game(id, home_id, away_id) VALUES (6, 2, 23);
INSERT INTO game(id, home_id, away_id) VALUES (7, 5, 25);
INSERT INTO game(id, home_id, away_id) VALUES (8, 19, 12);
INSERT INTO game(id, home_id, away_id) VALUES (9, 30, 18);
INSERT INTO game(id, home_id, away_id) VALUES (10, 1, 15);
INSERT INTO game(id, home_id, away_id) VALUES (11, 3, 7);
INSERT INTO game(id, home_id, away_id) VALUES (12, 29, 9);
INSERT INTO game(id, home_id, away_id) VALUES (13, 17, 26);
INSERT INTO game(id, home_id, away_id) VALUES (14, 27, 11);
INSERT INTO game(id, home_id, away_id) VALUES (15, 14, 21);


-- safe mode on
SET SQL_SAFE_UPDATES = 1;

-- select
select * from team;
select * from player;
select * from game;


